Team,Winrate,Season
CHI,0.756,10_11
SAS,0.744,10_11
MIA,0.707,10_11
DAL,0.695,10_11
LAL,0.695,10_11
BOS,0.683,10_11
OKC,0.671,10_11
ORL,0.634,10_11
DEN,0.61,10_11
POR,0.585,10_11
MEM,0.561,10_11
NOH,0.561,10_11
ATL,0.537,10_11
HOU,0.524,10_11
NYK,0.512,10_11
PHI,0.5,10_11
PHO,0.488,10_11
UTA,0.476,10_11
IND,0.451,10_11
GSW,0.439,10_11
MIL,0.427,10_11
CHA,0.415,10_11
LAC,0.39,10_11
DET,0.366,10_11
NJN,0.293,10_11
SAC,0.293,10_11
WAS,0.28,10_11
TOR,0.268,10_11
CLE,0.232,10_11
MIN,0.207,10_11
